value;variable
37193;tabare
21615;vazquez
12108;uruguay
7508;expresidente
6847;presidente
5537;fallecio
5080;pueblo
4711;lea
4542;uruguayo
3535;siempre
2996;america
2862;frente
2852;condolencias
2816;familia
2744;latina
2729;hoy
2704;muerte
2652;fallecimiento
2504;pais
2392;amplio
2385;legado
2318;amigos
2075;politica
1997;izquierda
1987;amigo
1939;gracias
1744;macri
1689;gobierno
1616;vida
1576;familiares
1524;argentina
1425;ser
1392;dia
1370;paz
1336;grande
1327;socialdemocrata
1268;solidaridad
1262;companero
1246;qepd
1222;nadie
1215;exitoso
1197;uruguayos
1183;experimento
1175;abrazo
1150;gran
1145;democracia
1142;anos
1134;patria
1128;relacion
1120;representaron
1100;gigante
1100;presidentes
1092;alferdez
1084;querido
1075;gobiernos
1064;despide
1055;historia
998;lacalle
994;politico
984;cristina
977;verso
970;vendiendo
934;video
932;diferencia
908;momentos
908;pou
886;palabras
869;descanse
855;escuela
847;lamento
844;peronismo
833;profundamente
814;bachelet
811;hermano
800;nunca
798;murio
790;presidencia
786;duelo
785;sentido
780;amor
771;republica
757;montevideo
746;seres
737;sigan
734;plan
730;honesto
725;dejen
721;tiempo
720;mentir
718;lucha
710;hombre
710;respeto
708;gente
700;enorme
695;queridos
692;reconstruyeron
692;uruguai
682;grandes
672;partida
669;dolor
664;pesar
663;companeros
656;lider
641;integracion
641;president
622;hacen
616;compungidos
614;hocico
613;solo
610;paso
606;nieta
606;refregarles
600;recuerdo
589;allegados
585;miles
585;nacional
580;bien
580;cosas
574;emocion
569;hacer
569;personas
566;memoria
565;homenaje
563;bueno
561;reflexion
559;luto
556;afecto
547;mujica
544;social
543;cuba
542;sentidas
541;inmenso
541;permanecera
540;decades
538;general
537;despedida
535;ultima
532;batlle
528;deja
525;clase
525;publica
521;generaciones
520;medico
517;ahora
516;dialogo
516;vivo
506;ceibal
504;binner
500;diferencias
500;felt
489;corazon
487;salud
485;comienza
478;lamentamos
473;dirigente
473;lucho
470;ideal
468;noticia
459;people
458;consolidar
456;primer
452;causa
452;popular
451;acontece
448;encuestologo
448;resistencia
444;ayudo
441;nuevas
439;kirchner
439;representacion
438;aquel
438;nestor
432;aborto
431;fortalecio
427;dias
426;veo
423;diciendo
421;lamentable
419;buen
414;fallecido
413;mercosur
412;lazos
412;llegada
412;pensamientos
407;frenteamplio
405;jorge
405;principios
404;agradecemos
393;creacion
390;llora
389;convicciones
386;adelante
386;alguna
386;vaya
385;compromiso
381;celac
380;cancer
379;mundo
379;unasur
377;manga
376;importantes
375;momento
375;veces
372;esperanza
372;tan
371;justicia
371;progresismo
371;teja
366;caballero
365;esquerda
365;logros
364;saludamos
360;comun
358;uruguayan
353;ceibalitas
352;creo
347;alma
345;obtuvo
344;partido
343;base
342;todas
340;seguro
338;calles
337;ejemplo
336;casa
336;leader
336;toco
333;nervios
332;paises
330;ceibalitos
330;esfuerzo
330;jefe
328;pulmon
327;haciendo
326;defensa
325;foto
325;juicio
324;piel
321;suerte
320;venezuela
318;opinion
317;flor
317;ordinario
315;democratico
315;lamenta
315;sumo
313;lata
313;mejor
312;muchas
310;jose
310;primeiro
309;disfrutar
308;futuro
307;diciembre
306;padre
306;perdida
302;condolences
302;enfrento
301;fought
300;reivindicacion
299;alto
298;ambos
298;eternamente
297;acompano
296;mano
294;personal
293;progreso
293;recordare
290;llego
290;toda
290;vos
285;triste
284;aplaude
284;dia
283;tapabocas
282;aglomeren
281;despues
280;menos
280;persona
279;internacional
278;humilde
277;usen
276;alegria
274;ayer
274;cada
273;relaciones
272;domingo
271;sirvio
268;passing
267;politicas
265;coraje
265;llegara
265;sinverguenza
262;carino
262;despidio
262;frenteamplista
262;pesame
261;barrio
261;honor
261;puso
261;region
260;instancias
259;gana
258;barraco
258;gano
257;posible
256;pepe
256;rindas
256;uruguaya
255;dijo
254;hacia
254;ninos
253;former
252;agradecimiento
252;dificil
251;dicen
249;batalla
249;sensible
248;impact
247;humano
247;mientras
247;ordinarios
244;viviras
243;mensaje
243;profesor
243;valoro
241;fiel
241;senora
240;azul
238;contentos
237;imagen
236;friend
236;victoria
235;celeste
234;club
234;dudas
234;permitiendo
234;roja
234;verde
233;fuertes
233;reconocimiento
233;serenidad
232;bisagra
231;igualdad
231;pte
230;gabinete
229;despiden
229;figura
226;lives
226;tema
225;oportunidad
225;unidad
224;champion
224;latinoamericana
224;llorar
224;poder
221;barbaridades
220;sistema
220;solidario
219;decreto
218;especial
218;prebelica
217;adversario
217;alarma
216;acordas
216;activar
215;pueblos
214;etapa
212;ampla
212;politicos
210;acto
210;veto
208;botnia
208;causas
208;revolucion
207;democraticas
207;vagos
206;defender
205;conoci
205;ninguno
204;descansa
204;friends
204;mal
204;mantener
201;escribe
201;hermanos
201;sacar
201;simbolo
200;envejecer
200;llegar
200;sinceras
200;tristeza
199;escuchar
199;httpstcowxrpehfz
199;primero
199;that
198;horas
198;intento
198;X..1
197;countless
197;especifica
197;health
196;cortejo
196;fecha
196;luchas
196;pasado
194;despedir
194;save
194;tener
192;abuelo
192;oficial
192;tabarevazquez
190;civilidad
190;entrega
190;seu
190;vamos
189;camino
189;maestro
188;adios
187;aporta
187;juntos
187;ultimos
187;vez
186;acompanado
186;ayuden
186;hijo
186;podia
185;dan
185;dejo
185;olvida
184;ano
184;increible
184;recordamos
183;inclusive
182;cambio
182;interes
181;febrero
181;material
180;httpstcowgwzvkyt
180;socialista
179;aplausos
179;aqui
179;fue
179;herrera
179;mostro
179;pastera
179;tobacco
178;habraconsecuencias
177;abiertadispuesta
177;aplauso
177;programa
176;profundo
176;silencio
175;envidiable
175;pela
175;puno
175;sociales
174;equidad
174;laburar
174;profunda
174;salieron
174;who
173;bold
173;bolivia
173;clima
173;httpstcocwqwsnwsnb
173;policies
171;fuerza
171;gesto
171;hacia
171;httpstcoeajomymu
171;pongase
170;cuenta
170;mismo
170;pregunto
170;ultimo
169;gines
168;antitobacco
168;frase
168;proceso
168;seguir
168;tenia
168;won
167;habilidad
167;parte
167;usan
166;global
166;implementing
166;quedo
166;tele
165;carla
165;falta
164;back
164;disculpo
164;viaje
163;aratiri
163;duro
163;huella
163;muere
162;aos
162;dando
162;darte
162;X.U.0001F54A..U.FE0F.
160;junto
160;plaza
160;quedara
160;X.U.270A..U.0001F3FD..U.2764..U.FE0F.
159;httpstcogcwtsbc
159;integridad
158;continuar
158;criterio
158;eldestaperadio
158;estas
158;funcionario
158;primera
158;van
157;aca
157;calientasol
156;despedimos
156;fray
156;httpstcomabpvegygq
155;apoyo
155;desaparecidos
155;sufrir
155;when
154;anonims
154;bajo
154;indeleble
154;mexico
154;ojos
154;perda
154;voces
153;deepest
153;encontrarian
153;lado
153;maria
153;perteneciente
153;policial
153;sindicato
152;carrera
152;motiva
152;retinas
152;simpatias
151;actividad
151;against
151;hablando
151;industry
151;largo
151;realidad
151;senor
151;X.U.0001F534..U.0001F535..U.26AA.
150;voy
149;him
149;lembrou
149;madre
149;tabarevazquez
149;vincularse
148;astori
148;consejo
148;record
148;time
147;derechos
147;fight
147;irreversible
147;ley
147;recibia
147;verguenza
146;apoyo
146;condeno
146;educacion
146;expresamos
146;liderazgo
145;brasileira
145;golpe
145;nombre
145;pidio
145;propio
145;tantos
145;uruguaio
144;decentes
144;dios
144;honestidad
144;httpstcoizzsgue
144;httpstcowacvmmund
144;ninez
143;despidiendo
143;fogon
143;httpstconigblrbq
143;inquebrantable
143;recordar
142;bentos
142;X..4
141;lindo
141;playa
141;rivero
140;morris
139;anecdota
139;suenos
138;forma
138;hablar
138;llevo
138;pouco
138;pro
137;contaminacion
137;economico
137;ganas
137;mandato
137;puede
137;trabajar
136;aprendizaje
136;chora
136;desintoxicar
136;dominante
136;extend
136;heartfelt
136;mediocridade
136;sigue
136;ultimas
135;fundadores
135;funebre
135;hicieron
135;impunidad
135;latinoamerica
135;X.U.0001F30E.
134;amistad
134;enfermedad
134;envidia
134;mafia
133;graciastabare
133;sujeto
132;hermana
132;hoje
132;ideas
132;incapacidad
130;com
130;funeral
130;nacion
130;sentir
130;ustedes
129;alberto
129;computadora
129;pocos
129;ramon
128;dic
128;fernandez
128;madrugada
127;covid
127;doctor
127;familiares.
127;forjar
127;morte
127;ningun
127;qepdtabare
127;velatorio
126;httpstcomsogzwdr
126;mascarilla
126;qual
126;recibio
125;curren
125;hitos
125;httpstcomqzyichiw
125;igual
125;mandatario
125;pinera
125;referente
124;comprometido
124;humana
124;movimento
124;parece
123;actual
123;ceibalita
123;intendencia
123;nacer
123;remeras
123;rendirse
122;acusaciones
122;argentino
122;equipos
122;impronta
122;peiroclaudia
121;cambiar
121;dejar
121;derecho
121;falsas
121;imposible
121;mayores
121;queremos
121;soporto
120;agradecer
120;consternacion
120;decir
120;deeply
120;donnino
120;facultad
120;fraternalmente
120;httpstcoaitqyzse
120;httpstcoellzh
120;nuestramerica
120;omonimar
120;palermitanio
120;portamanola
120;rickyrflores
120;rosarino
119;banderas
119;eleito
119;epoca
119;exponer
119;gpcolinas
119;httpstcoomghoy
119;inicio
119;taba
118;creer
118;desarrollo
118;diazcanelb
118;hora
118;httpstcouvzdxvsih
117;debe
117;mas
117;rosas
116;buenas
116;danilo
116;deporte
116;igualar
116;libro
116;mera
116;papeleras
116;reconoce
116;registro
116;traves
115;dio
115;via
114;consultores
114;httpstcorcbfqcgvag
114;infobae
114;nicho
114;this
113;companeras
113;dezurdateam
113;etc
113;gualeguaychu
113;hogar
113;miranda
113;missed
113;publico
113;saddened
113;tabaco
113;valor
112;evitar
112;hugoramosr
112;imagenes
112;llamarse
112;matar
112;sentimientos
111;existen
111;frontera
111;mezcla
111;obituario
111;pense
111;recibido
111;tumba
111;valores
110;alinearon
110;ciudadano
110;crecimiento
110;dep
110;descuentos
110;despidiendolo
110;encuestas
110;eterno
110;mensajes
110;retorica
110;vezes
110;X.U.0001F1FB..U.0001F1EA.
109;carta
109;corte
109;duas
109;empleadas
109;tratado
109;vision
108;buscando
108;decenas
108;decidio
108;descansaba
108;hablamos
108;oncologo
108;quebrara.
108;vidriosos
107;barco
107;carmelinavilch
107;greatly
107;marca
107;martes
107;pensar
106;died
106;exmandatario
106;httpstcotaooutvfd
106;intendente
106;regalados
106;soberania
105;darse
105;noche
105;recordaremos
105;vigente
104;ciudad
104;diga
104;gestion
104;instituciones
104;muito
104;phillips
104;recibir
104;sino
104;vivir
104;zinclaudio
103;about
103;asilo
103;digitalmente
103;dirigentes
103;escuchadistinto
103;iba
103;incluirse
103;roberto
102;brasil
101;enfrentar
101;futbol
101;hecho
101;httpstconzdtmppq
101;hunda
101;iniciativa
101;luego
101;muestras
101;nuevo
101;sociedad
101;X.U.0001F534.
100;cambio
100;escuche
100;inversiones
100;klub
100;oportunistas
99;claro
99;consintiendo
99;godeguille
99;httpstcooscxzepy
99;jaquemate
99;jdato
99;nadienadie
99;pepeluis
99;pilarri
98;aunque
98;chorros
98;gabriel
98;idolatramos
98;jmkarg
98;leyeron
98;manana
98;mausoleo
98;miguel
98;opinan
98;pueda
98;remember
98;sienten
98;venia
97;always
97;cuanto
97;democracia.
97;httpstcougbbtttx
97;kirchneristas
97;nota
97;piensen
97;postergados
97;progresista
96;arranco
96;batallas
96;coalicion
96;cuarta
96;dictadura
96;emotiva
96;morirse
96;rinde
96;termino
96;X.U.0001F1FA..U.0001F1FE.hlvs.U.FFFD..U.FFFD..U.FFFD.rojo
96;X.U.0001F399..U.FE0F.
95;cancer
95;carlos
95;dura
95;entendieron
95;entrevistas
95;hablan
95;meu
95;pobre
95;tipo
94;alentando
94;amante
94;decaiga
94;escalada
94;guerrita.
94;hablara
94;httpstcogdyrkrpbb
94;humanista
94;importancia
94;invento
94;justos.U.0001F490.
94;oriental
94;patoterismo
94;publicas
94;reglas
94;X.U.0001F4FB.
94;X.U.270C.
93;fundamentos
93;hija
93;httpstcodzfzinxsw
93;proyecto
92;contribuiu
92;edad
92;from
92;ideologia
92;inclusao
92;investigacion
92;loas
92;marcho
91;ajuste
91;analistas
91;atrasados
91;corazones
91;cuerpo
91;duda
91;estudiantil
91;internacionales
91;sinfin
91;X.respetado
90;argentinos
90;bloqueo
90;llorando
90;militantes
90;millones
90;pioneros
90;poca
90;romantico
90;venezolanas
90;verdad
90;X.U.0001F447.
89;casi
89;decision
89;httpstcofcmpxpax
89;perdi
89;unico
88;hilo
88;httpstcoawtgqul
88;respetos
88;sintio
88;vacia
87;emergencia
87;impuso
87;racional
87;X.U.0001F4F2.
86;aferrarse
86;costo
86;entiendo
86;faleceu
86;hijos
86;httpstcofxxahjmtl
86;mil
86;telesurtv
85;cuello
85;puerta
85;referendum
85;tabarevazquez
85;totalmente
85;transas
85;uruguayel
84;kirchnerismo
84;legisladores
84;populismo
84;precisaban
84;respetuosa
84;with
83;compartir
83;esposo
83;estadista
83;goberno
83;militares
83;mucha
83;pase
83;presente
83;separar
83;transmitir
82;entrego
82;festejaron
82;garcia
82;gobernadores
82;gobernante
82;lamafiachoriplanera
82;nombran
82;plena
82;qbad.U.2764..U.FE0F.
82;sabiamos
82;salvo
82;segurola
82;sudamericana
81;admiracion
81;cfcallejo
81;chorro
81;economicamente
81;ecuador
81;entonces
81;httpstcomnqtyaahql
81;outstanding
81;periodismo
81;periodistas
81;rcaballeroam
81;unas
80;autonomia
80;democratica
80;judia
80;lafone
80;lejos
80;lograron
80;militar
80;partir
80;perdon
80;salarios
80;sesgo
79;cerro
79;cientos
79;ejemplificacion
79;importante
79;mujer
79;viviente
78;alan
78;anos
78;caletriocarina
78;construccion
78;dear
78;fisica
78;latinoamericano
78;libre
78;medio
77;alta
77;capaz
77;delincuentes
77;democrata
77;entrevista
77;luis
77;pasaron
77;puedo
77;tropache
77;videoconferencias
77;world
77;X.U.270A..U.0001F3FC.
76;final
76;flores
76;franciscopesky
76;lee
76;maldonado
76;medicamentos
76;muertos
76;nievesvioleta
76;nino
76;ojala
76;oportunidades
76;salimos
76;serio
76;sfturco
76;viejo
76;virus
76;X.U.27A1..U.FE0F.
75;candidato
75;clausura
75;comenzamos
75;dar
75;desafios
75;etica
75;fundamental
75;guerra
75;hola
75;incluso
75;kozedhu
75;mejores
75;ocupo
75;queda
75;tantas
75;viendo
74;cuales
74;informacion
74;inolvidable
74;lamafiachori
74;mayoria
74;quedaran
74;segundo
74;sua
74;universitaria
73;america
73;charrua
73;ejemplar
73;gallito
73;luta
73;nobles
73;represento
73;sector
73;sencillas
73;trabajo
72;embargo
72;expresa
72;justo
72;maduro
72;peores
72;presidencial
72;transformar
71;balleriniok
71;difficult
71;heroede
71;hiciste
71;httpstcofsdyfnwkgn
71;medicos
71;poema
71;porlapatriavamosaandar
71;real
71;trascendente
71;venezuelavotaeld
70;cobertura
70;medicina
70;odio
70;povo
70;regional
70;saber
70;uds
70;una
69;acuerdan
69;agradecida
69;centro
69;cuentas
69;descanso
69;genera
69;ofrece
69;parlamentarias
69;pasteras
69;pitiaguirre
69;prepotencia
69;recuerda
69;trayectoria
69;vocacion
68;amistades
68;charrua.
68;dia....
68;httpstcoipjiaehoipjiaehfiql
68;httpstcoxgxejsycdk
68;leer
68;militancia
68;nicolasmaduro
68;puente
68;qpd
68;republicano
68;romano
68;sabia
68;vivio
68;X.habraconsecuencias
68;X.lamafiachoriplanera
67;ancianos
67;ayuda
67;leerle
67;molino
67;mvd
67;sepultado
67;tabarevazquez
66;acompanamos
66;calle
66;cambiaron
66;cancilleriaec
66;hermoso
66;httpstcobyqlozsr
66;httpstcoemdvnrqg
66;palabra
66;respuesta
66;sospechoso
66;tuerto
66;vivimos
65;carolina
65;cielo.
65;consejos
65;empuja
65;fracaso
65;gobierno.
65;jovenes
65;pobres.
65;ponerle
65;promocion
65;que
65;varias
65;X.entregado
65;X.U.0001F449.
65;X.U.270C..U.270C..U.270C..U.270C.
64;arbol
64;blanco
64;busqueda
64;carnero
64;chile
64;cuidados
64;ddhh
64;destaquen
64;dignidad
64;fotos
64;httpstcovswdwsoo
64;impulsara
64;joven
64;mierda
64;muchisimo
64;presentes
64;recordara
64;senal
64;toquen
63;aflojo
63;aquellos
63;arielb
63;fallecidos
63;formacion
63;httpstcoeroylcmwnd
63;httpstcofoprwptyqc
63;httpstcozxueigpkx
63;idea
63;igualitario
63;policia
63;problema
63;progresiva
63;responsabilidad
63;senador
63;sorpresa
63;via
63;volver
63;X.U.26AB..U.FE0F.
62;acepto
62;apriete
62;comision
62;creo
62;desconocida
62;extendio
62;habla
62;httpstcomjuyqnbz
62;juan
62;latin
62;tarde
62;trampas
62;vazquezun
62;vecinos
62;venia
61;blancospillos
61;cayo
61;clasificable
61;constitutiva
61;digital
61;empezo
61;httpstcopvednrad
61;humildes
61;importa
61;informalidadmuere
61;logro
61;pierde
61;preguntale
61;reforma
61;respectivos
61;siglo
61;talla
61;tremendo
61;uma
60;admire
60;alla
60;canal
60;devolvio
60;ele
60;elespectador
60;have
60;httpstcopegxcjxp
60;laboral
60;marconi
60;obra
60;redes
60;sudamericano
60;superiores
60;trajo
60;varios
59;debo
59;destapar
59;dormir
59;emociona
59;httpstcoqcitklctu
59;httpstcouwlsukfn
59;httpstcozortcuepb
59;modelo
59;moralmente
59;public
59;reformas
59;siento
59;situacion
59;X.U.0001D5F5..U.0001D5EE..U.0001D606.
59;X.U.0001D5F5..U.0001D5FC..U.0001D5FB..U.0001D5FF..U.0001D5EE..U.0001D5FF.
59;X.U.0001D5F9..U.0001D5EE.
59;X.U.0001D5FE..U.0001D602..U.0001D5F2.
59;X.U.0001D603..U.0001D5F6..U.0001D5F1..U.0001D5EE.
58;actores
58;brazos
58;cambia
58;cementerio
58;confesar
58;construir
58;defensor
58;denominacion
58;desaparicion
58;holgadamente
58;juventud
58;muerto
58;nego
58;noticias
58;presupuesto
58;progresooficial
58;segun
58;tanta
57;acerca
57;atletico
57;avion
57;candia
57;correr
57;death
57;escombros
57;httpstcoeumhywgz
57;latirderojo
57;mantenga
57;parecia
57;periodo
57;ramirez
57;recordando
57;twitter
56;admirable
56;bandera
56;barro
56;cartas
56;chavez
56;clientelismo
56;digna
56;gueno
56;hastasiempretabare
56;httpstcoqirmqowawc
56;httpstcovfelndloot
56;ido
56;invito
56;jamas
56;lenin
56;levantado
56;lloran
56;lost
56;luislacallepou
56;mensajeros
56;ministros
56;parecida
56;primero.U.0001F447..U.0001F3FD.
56;prioridades
56;relato
56;VERDADERO
55;americas
55;cientifico
55;cubano
55;destacando
55;destrabar
55;existencia
55;guardan
55;httpstcofpocfeuz
55;httpstcogwcnbzcrs
55;httpstcolhnlzohd
55;inclusivo
55;lagrimas
55;minutos
55;parado
55;perseguir
55;psicopatas
55;recordaron
55;region
55;renda
55;responsable
55;torno
55;youtube
54;abril
54;admiro
54;auxiliadora
54;buena
54;conciencia
54;diabladahc
54;distinguido
54;excelente
54;figuras
54;fruta
54;haga
54;httpstcofnqmoqre
54;httpstcofpbwqkeipg
54;ladiaria
54;libertad
54;mastemprano
54;oreiro
54;perder
54;piloto
54;serrat
53;alvaro
53;comunicamos
53;discusion
53;domesticas
53;ellegadotabare
53;homenajear
53;httpstcokuofhdxqae
53;httpstcorpwgtnlzs
53;local
53;natalia
53;recordo
53;salir
53;seguidores
53;testimonio
52;acompanamiento
52;alrededor
52;balada
52;brinda
52;callan
52;cielo
52;declaraciones
52;diferente
52;elecciones
52;grado
52;httpstcosypaeqf
52;informa
52;luchando
52;lugar
52;organizo
52;padecia
52;patetica
52;patriada
52;respetuosas
52;senalar
52;sos
52;transmitio
52;viejossi
51;agradecido
51;alcanzan
51;alguien
51;alguno
51;articulo
51;ayudar
51;cantidad
51;conmueve
51;emitido
51;httpstcovoqkjljvb
51;pronunciamiento
51;punto
51;republicanas
51;residenciales
51;resto
51;sincero
51;supo
51;trabajadores
51;zoom
50;ambito
50;colombia
50;country
50;cumplir
50;deportivo
50;estudiantes
50;fisicamente
50;funcion
50;fundacion
50;httpstcofyvgfmcp
50;httpstcoolaenav
50;imponente
50;iremos
50;llegue
50;marcaron
50;ordinario.
50;origen
50;recorriendo
50;reflexionar
50;reinsertarse
50;retomar
49;acuesta
49;aterrizaba
49;beneficiar
49;campana
49;cito
49;construyeron
49;corrupcion
49;democraticos
49;demostro
49;desconocer
49;frenteamplistas
49;gobernar
49;httpstcohxqtvesj
49;ignorenlos
49;legislacion
49;loma
49;mayo
49;partidos
49;pedirle
49;pelearla
49;pobreza
49;quedaron
49;querida
49;quinoto
49;respondan
49;tata
49;tomo
49;vidas
48;balmacedabocha
48;cerca
48;ciudadania
48;condena.
48;dieron
48;distintas
48;enfermaba
48;httpstcomvinxy
48;integradora
48;lamafiachoriplanerdio
48;lei
48;levanto
48;mandatos
48;muchachxs
48;mueren
48;rato
48;recordado
48;todxs
48;triunfo
48;X.siempre
47;atras
47;balde
47;cima
47;colectiva
47;conmocionado
47;consecuencia
47;cuidado
47;discursos
47;distinguished
47;hdp
47;hero
47;httpstcohzjkwtv
47;httpstcoydzixjdo
47;impulsor
47;irreparable
47;ladron
47;lideres
47;llego
47;luchador
47;mina
47;paso
47;promotor
47;random
47;vivira
47;X.U.0001F449..U.0001F3FC.
46;afortunadamente
46;asumia
46;avanzar
46;away
46;boudou
46;canales
46;cerrados
46;compra
46;con
46;dificiles
46;fallecio
46;genero
46;httpstcobesynbngj
46;httpstcooyvscvsrn
46;httpstcowazjuouz
46;levantame
46;madres
46;negociacion
46;observador
46;parlamento
46;respetado
46;xxi
46;zintv
45;ale
45;califico
45;cejas
45;cenitalcom
45;cereales
45;comida
45;decidimos
45;descreimiento
45;ellegadovazquez
45;equipo
45;extranjero
45;favor
45;fue
45;gestacion.
45;heroe
45;httpstcoipjiaehfhfi
45;lamentan
45;odian
45;pandemia
45;particular
45;pueden
45;recoger
45;recordarlo
45;seriedad
45;tampoco
45;tiempos
45;vetar
45;X.heroe
45;X.U.0001F447..U.0001F447..U.0001F447.
44;abc
44;descansar
44;empieza
44;entender
44;escucho
44;giselletepper
44;hlvs
44;infumable
44;invisible
44;llevamos
44;mamarracho
44;materia
44;qbad.U.2665..U.FE0F.
44;quesevayantodo
44;terminos
44;trabajadora
43;acertadas
43;amp
43;arranca
43;bienestar
43;ciencia
43;clasistas
43;conocer
43;delirio
43;desagradables
43;director
43;escolar
43;hospital
43;httpstcomrqdkzgzw
43;mandatarios
43;marzo
43;mas
43;medios
43;mes
43;misma
43;nefasto
43;news
43;pienso
43;proposito
43;publicos
43;razon
43;realidades
43;sergio
43;viva
42;aporte
42;ariel
42;bergamino
42;braian
42;callede
42;cara
42;carnetdlapatria
42;celulosa
42;destruye
42;entregar
42;escamotean
42;facardozo
42;fallece
42;grieta
42;habitualmente
42;httpstcoazyhxwvrz
42;humanos
42;levantando
42;luchar
42;man
42;marco
42;mayor
42;mides
42;mira
42;nacio
42;pelo
42;piensa
42;principales
42;raul
42;reciben
42;recibian
42;sacudio
42;salu
42;sociedad.
42;vecino
42;vive
42;votas
42;X.sentidas
42;X.U.2063.
41;abre
41;cancion
41;casas
41;cuadra
41;decian
41;despedirlo
41;despenalizacion
41;emotivo
41;epulafken
41;esencial
41;espacios
41;etiqueta
41;expreso
41;hogardepatria
41;httpstcosnooesoq
41;httpstcowxrpehfowxrpehfz
41;impresentable
41;impuestos
41;intervencion
41;javier
41;legadovazquez
41;mais
41;negociados
41;oficina
41;pdte
41;peralta
41;periodista
41;prof
41;queda
41;retwitear
41;rural
41;solo
41;X.ejercer
41;X.U.270C..U.FE0F.venezuelavictoriosa.U.270C..U.FE0F.
40;acuerdos
40;afectuoso
40;altos
40;aplaudan
40;but
40;capital
40;cgando
40;come
40;conflicto
40;editor
40;enviamos
40;fumar
40;futuras
40;gabrielhpereyra
40;gustaria
40;httpstcoqqqxcos
40;humildad
40;integrado
40;llegue
40;macrismo
40;masivo
40;mundial
40;not
40;pepemujica
40;pierdas
40;plantas
40;preguntan
40;presidencias
40;protesta
40;revolucionario
40;seguian
40;sepelio
40;solicitudes
40;sucedio
40;vas
39;acceder
39;ademas
39;alejandro
39;analisis
39;arenga
39;asentamientos
39;beneficios
39;bloqueo
39;buscar
39;casavalle
39;corrupto
39;discurso
39;docente
39;editorial
39;feliz
39;heroeen
39;httpstcorfhldt
39;industria
39;lento
39;participacion
39;persona.
39;prohibicion
39;relatos
39;reto
39;reyes
39;rutas
39;semanas
39;sola
39;trabajaba
39;uruguayes
39;vazquezel
39;X.tabare
39;X.U.0001F4CC.
39;X.U.0001F4F9.
38;ancap
38;argentinouruguayas
38;complicara
38;crisis
38;darle
38;debemos
38;decelt
38;del
38;destacan
38;destino
38;entendio
38;httpstcoilnylin
38;httpstcomsogzwdre
38;httpstcoticvpoahhv
38;httpstcozbczrbyh
38;juramento
38;mismos
38;multicolor
38;multitudinario
38;privado
38;rancho
38;sanguinetti
38;sanrobecos
38;sentimentos
38;sorprende
38;toma
38;uruguay.s
38;X..2
37;acompano
37;algun
37;ateo
37;basicamente
37;cambios
37;canta
37;cinicos
37;companeros.U.270A..U.0001F609..U.0001F609.
37;conociamos
37;cuantos
37;cuestionaban
37;desarrollo
37;eldisenso
37;elliberocl
37;expresident
37;gobernado
37;honro
37;httpstcoaitqyzsee
37;httpstcowowegcwgg
37;httpstcozyiuxbbati
37;iva
37;limar
37;menti
37;netflix
37;pecho
37;pensando
37;perdida
37;perdio.
37;posibilidad
37;preocupen
37;proteccion
37;proyectos
37;puedan
37;solidarity
37;unimos
37;vazquezdejo
37;X.fenomeno.
37;X.U.270A..U.0001F3FC..U.0001F1FA..U.0001F1FE.
36;atraviesan
36;bajo
36;barato
36;bobi
36;bpolitics
36;carnet
36;claros
36;cumplio
36;despidieron
36;dialogos
36;distinguio
36;educativos
36;edvolpa
36;encarnar
36;experiencia
36;extiende
36;familiar
36;familias
36;hacerlo
36;honoris
36;httpstcodjdsxxcjo
36;httpstcolgrdtfea
36;httpstconzdtmppqe
36;httpstcoutqwwwrgp
36;httpstcoxthmjyuon
36;las
36;mariano
36;mesura
36;morreu
36;mourns
36;pequena
36;philip
36;presion
36;recibi
36;sectores
36;sencilla
36;sigue.U.0001F447..U.0001F3FB.
36;tabacaleras
36;visito
36;vivieron
36;X.entrego
36;X.U.0001F499.
35;aea
35;ausencia
35;brechner
35;campeon
35;crecio
35;cuidadores
35;desaforado
35;discapacidad
35;doble
35;dominicana
35;domino
35;dptania
35;entregado
35;expresidentes
35;fte
35;hipocratico
35;httpstcoexeeoab
35;httpstcoiinbjjjiv
35;httpstcozxgfmuedn
35;left
35;lloro
35;medicamento
35;membro
35;nochess
35;norelis
35;ofrezco
35;paro
35;particulares
35;pasar
35;poblacion
35;podido
35;quedara
35;renta
35;repiten
35;roiltuiteros
35;salario
35;subsidia
35;suena
35;tabar
35;trabajador
35;transformaciones
35;vergonzoso
35;visto
35;vuelve
35;X.U.25B6..U.FE0F.
35;X.U.2764..U.FE0F..U.0001F499..U.0001F90D.
34;abismo
34;aumentar
34;avenida
34;confirmo
34;daniel
34;dezembro
34;electoral
34;elmayorgenocidiouniversal
34;enseno
34;guardarse
34;hombres
34;httpstcoiaqcbvj
34;httpstcomzuvbyoe
34;httpstcoomghoye
34;josemarti
34;juvenilmartiano
34;leche
34;llena
34;love
34;merece
34;nuevos
34;octubre
34;pdaradio
34;pena
34;perdio
34;placer
34;porfiada
34;profundos
34;publico
34;puta
34;queme
34;recibirlo
34;semblanza
34;separo
34;tabarevasquez
34;union
34;villamizar
34;voz
33;acompana
33;acuerdo
33;agosto
33;alla
33;arana
33;aumento
33;buenos
33;chicanea
33;compartio
33;comunista
33;dedicada
33;definicion
33;donde
33;esfuerzos
33;frio
33;httpstcojatpglen
33;httpstcolfpjavxvlf
33;httpstcosypaeqfn
33;httpstcotmistvvuu
33;httpstcoxthmjyuo
33;levanta
33;llevar
33;manuel
33;mesa
33;necesidad
33;nivel
33;nossos
33;organizacion
33;panel
33;prensa
33;promueve
33;queria
33;regret
33;rodolfo
33;tal
33;transformaste
33;X.U.270A..U.0001F3FB.
32;alferde
32;andres
32;bardean
32;biologia
32;caso
32;cierto
32;circunstancias
32;colorado
32;comunicadores
32;corresponde
32;cualquier
32;defendio
32;disruptivo
32;eternidad
32;funcionarios
32;ganar
32;ganaste
32;httpstcohfcise
32;httpstcoxzrfhphc
32;juega
32;lula
32;mando
32;mata
32;pacientes
32;pasa
32;perez
32;peru
32;recorrido
32;respetuoso
32;siquiera
32;socialismo
32;took
32;ungieron
32;vascolet
32;X.U.0001F6AD.
31;ambiciosa
31;asumio
31;barrios
31;civilizacion
31;control
31;creemos
31;dedican
31;destaco
31;disculpa
31;fuerte
31;genero
31;grandeza
31;httpstcofqlhronof
31;httpstcolktwbatf
31;httpstcow
31;httpstzswclvzi
31;jefatura
31;llega
31;manifiesto
31;mentiritas
31;mide
31;motivo
31;mrreeuruguay
31;paralelamente
31;pasquet
31;penarol
31;plomorevolucionario
31;populares
31;pragmatic
31;preguntado
31;progressive
31;protege
31;qdep
31;queridosdzt
31;recien
31;reestablecio
31;referentes
31;responsabilidades
31;rosario
31;sabiendas
31;seguira
31;tnu
31;transparencia
31;vuela
31;X.U.0001F534..U.0001F535..U.26AA..U.270A.
30;abrazamos
30;alcanzados
30;alicuotas
30;amanecer
30;aplicacion
30;autoridades
30;barra
30;clave
30;contestaba
30;desmiente
30;despedido
30;difusion
30;dinastias
30;enormoyruldldcia
30;escenario
30;exentos
30;fortalecido
30;ganancias
30;httpstcoalqkpbpsuh
30;httpstcobbjtssfi
30;httpstcoiokyron
30;httpstcongrnhmus
30;httpstcoqokywtjl
30;httpstcoukadhhm
30;httpstcowwdqferrgentina.U.0001F1E6..U.0001F1F7.
30;httpstcozswclvz
30;impuesto
30;inauguracion
30;inflado
30;lejanos
30;mario
30;most
30;multitud
30;pasen
30;planceibal
30;poderoso
30;politica
30;politica.
30;politologo
30;profepineyrua
30;profundas
30;puntos
30;quieran
30;raices
30;reflejo
30;republicana
30;trabalhadores
30;tributa
30;vazquez.
30;X.caballero
30;X.U.26A0..U.FE0F.informa
30;X.U.2764.
29;admiracao
29;animaron
29;anuncio
29;aportes
29;bases
29;buscadoresportnu
29;buscadoresporvtv
29;catedra
29;condolence
29;considero
29;constructor
29;contesta
29;conviccion
29;cordoba
29;eduardo
29;enormes
29;equiposuy
29;escuelas
29;fin
29;goyo
29;guardara
29;httpstcoapicgvsk
29;httpstcofzpldtyt
29;httpstcogovcbyg
29;httpstcomwztldtesk
29;httpstcopreqzdva
29;impositiva
29;incansable
29;irse
29;los
29;mails
29;maravilloso
29;media
29;millonario
29;ministro
29;ordonez
29;peleando
29;perdeu
29;pudo
29;recaudacion
29;recordemos
29;socialdemocracia
29;subiera
29;tabare.U.2063.
29;tem
29;terminar
29;thoughts
29;tierra
29;tomar
29;trabajo
29;une
29;veto
29;words
29;X..3
29;yosoylaury
28;acceso
28;actitud
28;andar
28;aquella
28;banda
28;capitalismo
28;ccanorg
28;chapa
28;completo
28;conveniencia
28;correaselrata
28;crio
28;cumplido
28;decade
28;decimas
28;dedico
28;deixa
28;electo
28;error
28;finado
28;francesca
28;garantia
28;gobernada
28;gorgafederico
28;guardados
28;httpstcodarjjhiabare
28;httpstcoexeeoabqueridos
28;httpstcojflkpirlq
28;httpstcopfzlzipe
28;httpstcosjxoaomox
28;httpstcosypaeqfplio
28;httpstcouxjenbaym
28;infierno
28;iniciamos
28;inmoralidad
28;interior
28;invernizzi
28;key
28;laborales
28;luc
28;menaje
28;moral
28;nico
28;objetivos
28;ofrecia
28;orgullos
28;padres
28;participar
28;pasion
28;peleo
28;perversion
28;pide
28;pintar
28;saudades
28;seguimos
28;seguiremos
28;semana
28;seregni
28;toco
28;traidor
28;unica
28;volvio
28;X.U.2764..U.FE0F.
28;X.U.27A1..U.FE0F.httpstcoobsjrzdy
27;ayudamemoria
27;bolivariana
27;clinica
27;colaborabdor
27;compatibilizando
27;comunicado
27;conmovedora
27;consigo
27;dcaggiani
27;decimos
27;dedico
27;despede
27;emitimos
27;encontramos
27;enorgullece
27;esto
27;estudiante
27;guido
27;hacian
27;historia
27;httpstcobzfbwojrx
27;httpstcohrwhucmj
27;httpstcojqkuzkxii
27;httpstcoppurilac
27;httpstcovbgfojg
27;httpstcoyyqlwkpv
27;iconico
27;idiota
27;mala
27;maria
27;menor
27;mradio
27;oremos
27;pueblossiempre
27;recomendamos
27;revista
27;rivalalicia
27;salva
27;transformo
27;trilla
27;viejos
27;volcaron
27;vuelta
27;X.U.0001F1FA..U.0001F1FE.ayer
26;abogaba.U.274C.
26;alvarez
26;americas.
26;avances
26;benedetti
26;borrell
26;busco
26;caen
26;caretas
26;circulo
26;claudio
26;compartimos
26;comparto
26;computadoras
26;convirtio
26;convoco
26;correcto
26;corruptos
26;creia
26;cuanto
26;debiles
26;decreto
26;democratas
26;detectado
26;dijeron
26;diseases
26;ecentraltlsur
26;elegido
26;encuentra
26;entregaba
26;estatal
26;europa
26;fichas
26;ganandole
26;governos
26;grande.
26;gurisa
26;hacemos
26;hipocresia
26;honradez
26;httpstcodarjjhi
26;httpstcoebjjagce
26;httpstcofgzbzvct
26;httpstcoombjtxuj
26;httpstcotncjtw
26;httpstcowafbecdvvx
26;igualitarias
26;juridicas
26;leo
26;lider
26;mareadito
26;mirar
26;monton
26;multinacional
26;noncommunicable
26;oeste
26;radical
26;reconocido
26;recordaremos..U.0001F64F.
26;recuerden
26;reparte
26;republicanismo
26;sabe
26;saben
26;sento
26;siente
26;siguen
26;solidariedade
26;subilaradio
26;sueno
26;tabare.U.203C..U.270A..U.0001F3FC.
26;todito
26;tomada
26;toy
26;uruguaios
26;verdadera
26;vibrante
26;vineta
26;vital
26;X.U.2764..U.0001F1FA..U.0001F1FE.
25;agradecen
25;agravio
25;alferdecoydyfkyjjiaehfehftos
25;amplia
25;andaba
25;antel
25;arriba
25;cae
25;cargando
25;conformo
25;decadas
25;decia
25;dejemos
25;des
25;detenidos
25;dieguez
25;distribuicao
25;egresado
25;entendiendo
25;esperanzas
25;estan
25;gerardo
25;grupo
25;gurises
25;httpstcobprylwqfern
25;httpstcogtxlyek
25;httpstcohunylwtcopaao
25;httpstcoowtfjqc
25;httpstcoymfettntk
25;ibas
25;independent
25;kitty
25;manera
25;meses
25;mirando
25;model
25;mpp
25;niega
25;noveno
25;perdido
25;primeros
25;proximo
25;pudieramos
25;quiza
25;representa
25;respetuosos
25;saludos
25;siempretabare
25;simplemente
25;tuit
25;uruguayas
25;vinculo
25;volvias
25;X.U.0001F399.
24;abro
24;acompanando
24;agregado
24;alejaabravo
24;ama
24;anossing
24;argumentos
24;averiguando
24;calidamente
24;civica
24;cochair
24;comite
24;concepcion
24;conciliar
24;dariomaceiras
24;dignifico
24;educadorepublicano
24;eficiencia
24;elegi
24;enero
24;esperando
24;eternos
24;evidencia
24;exterior
24;fabrica
24;fake
24;firme
24;fittobarrio
24;fraterno
24;frecuente
24;ganhar
24;habia
24;hagamos
24;hoteles
24;httpstcocfcftrvw
24;httpstcodmnhpfqsc
24;httpstconcpxxcr
24;httpstcooiheiuvp
24;httpstcoravyrcqr
24;httpstcosmaudihg
24;httpstcowo
24;httpstcoxdtliwqga
24;httpstcoyahtexb
24;impulso
24;inclusion
24;lideranca
24;limpiezolanas
24;maldito
24;muero
24;negaron
24;nego
24;partidarios
24;pequeno
24;pitcnt
24;podria
24;podrido
24;popularmente
24;presenta
24;presos
24;profesional
24;proposito
24;quiera
24;radicales
24;represente
24;respuetuosas
24;roballo
24;sabemos
24;society
24;tradicion
24;transito
24;universidad
24;uruguayo.U.2764..U.FE0F.
24;uruguays
24;vassallo
24;vinieron
24;X.sediciosos.
24;X.U.0001F64C..U.0001F3FC.
23;accion
23;agradece
23;alegando
23;artigas
23;balustrin
23;cancer
23;caviares
23;combatio
23;considerado
23;dejara
23;descalifico
23;desfavorecidos
23;destaca
23;destacado
23;dirigida
23;duele
23;economia
23;festejan
23;ganaba
23;good
23;httpstcoafbggkhxx
23;httpstcobeknxnvtd
23;httpstcoeroylcmwnias
23;httpstcogchyqygquhttpstcoiwmvyupfq
23;httpstcogfhvhdnabare
23;httpstcoipjiaehfhfhfhfi
23;httpstcorsgavhan
23;httpstcoswrneitokl
23;httpstcotlzhzjtn
23;httpstcovmafbiswvk
23;httpstcowoytina
23;httpstcoxfcxboiwdo
23;httpstcoxthmjyuoe
23;httpstcozspivqc
23;httpstcozsrmlotzmn
23;integro
23;jfrenteamplio
23;mamerto
23;meus
23;militando
23;munoz
23;nazi
23;negocios
23;noticiasuruguay
23;pancarta
23;pintada
23;por
23;preparados.U.0001F447.
23;presionado
23;produccion
23;publicada
23;relativas
23;relatives
23;siempre.U.2764..U.FE0F..U.270A..U.0001F3FC.
23;sotelo
23;tabarefernandez
23;tanoproductor
23;temprano
23;todes
23;totales
23;trabajado
23;transforming
23;tributaria
23;vereda
23;X.U.0001F494.
22;absoluta
22;agp
22;agradecerle
22;alferdetpstcoipjiaehfi
22;amelia
22;americas..
22;apenas
22;apretado
22;arreglo
22;atual
22;calidad
22;capacidad
22;cercania
22;cerrado
22;chavistagamer
22;comenzo
22;companero.
22;concejo
22;confianza
22;debido
22;decoro
22;democracy
22;ediciones
22;encuentro
22;entienden
22;especialmente
22;exactamente
22;ficult
22;frases
22;frenteampliouru
22;frentistas
22;funcionaban
22;gastos
22;guardo
22;hear
22;honest
22;honoured
22;httpstcoaitqyzselio
22;httpstcobzsrdvhtbc
22;httpstcoclxzvyvn
22;httpstcodrctce
22;httpstcodvxnbkdyyh
22;httpstcolzgnmr
22;httpstcotsamyirtrm
22;httpstcoybtskook
22;imaginen
22;impresionante
22;inspirational
22;institucional
22;insultos
22;integrante
22;internet
22;julia
22;limpia
22;llamada
22;lung
22;maradona
22;mippcivzla
22;obreros
22;olgamrosario
22;passed
22;pedido
22;porque
22;presidenciauruguay
22;prestaba
22;principled
22;quitarselo
22;rendstribuicao
22;semilla
22;suspendio
22;tabarevazquezuy
22;topolansky
22;unidos
22;vtvcanal
22;X.U.0001F50A.
22;X.U.0001F534..U.0001F535..U.26AA..U.FE0F..U.0001F44F..U.0001F44F..U.0001F44F.
22;X.U.25FE..U.FE0F.
22;X.U.270D..U.FE0F.
21;admiro
21;adolfo
21;afirmo
21;antitabaco
21;asta
21;burlas
21;calificativos
21;condujo
21;conmocion
21;conmovido
21;contexto
21;conversamos
21;demandada
21;deseo
21;despida
21;enmundo
21;escritor
21;esmonicafa
21;euros
21;excesivos
21;fiesta
21;first
21;httpstcobptqfprwt
21;httpstcodwvltwpgg
21;httpstcoiokyroplio
21;httpstcouhzncmcdyp
21;humanistas
21;icono
21;impulsadas
21;integrantes
21;italia
21;julio
21;maximo
21;mejorar
21;momentoalla
21;montevideanos
21;murio
21;necesario
21;nuestras
21;oficiales
21;organizaciones
21;padecer
21;paginas
21;pago
21;pasan
21;pereyra
21;personalidades
21;poderes
21;postura
21;president
21;programas
21;prominente
21;pulmao
21;ramirez
21;reinadejavu
21;respecto
21;responsables
21;senadochile
21;sol
21;tabaquismo
21;tardes
21;usando
21;vazquez..1
21;viajes
21;vicepresidenta
21;X.U.0001F53B.miles
21;X.U.2705.denuncian
21;X.U.270A..U.0001F3FC.s
20;acciones
20;agente
20;alangarciaperu
20;alimentar
20;americana
20;amores
20;arena
20;asuncion
20;battle
20;beso
20;bolivar
20;buscadoreszoom
20;cantan
20;carlossueldo
20;compromisso
20;computador
20;conquistas
20;cosse
20;daecpu
20;dcabellor
20;decretaron
20;dejo
20;demas
20;dic.U.0001F4E3..U.0001F1FB..U.0001F1EA.eta
20;dir
20;directorio
20;disponga
20;diversas
20;eeuu
20;elpaisuy
20;emocionante
20;encabezadas
20;energia
20;escribio
20;estabilidad
20;expresar
20;extendemos
20;extraordinario
20;fecundacion
20;festejen
20;flia
20;gusta
20;hasta
20;httpstcoezhvhklo
20;httpstcohrwhuces
20;httpstcoiokyro
20;httpstcokuufymmpaufymmp...t.co.r7lxi86qaw
20;httpstcollxpcrme
20;httpstconhcrorywvm
20;httpstcorpwgtnlz
20;httpstcosypaeqfe
20;httpstcouyfpkahw
20;httpstcoxthmjyuoplio
20;httpstcozswclvztes
20;ideales
20;ideologias
20;inoperante
20;jefes
20;lahojillaentv
20;lamafiachoriplanerr
20;late
20;latinoamericanista
20;latinoamericanos
20;life
20;lucho
20;mama
20;marketineros
20;mediocres
20;militante
20;neofascismo
20;olvidar
20;operadores
20;orgullo
20;orientales
20;pobres
20;presento
20;primeras
20;quedo
20;quiso
20;regreso
20;representante
20;saludar
20;se
20;silva
20;tabare..1
20;testigo
20;transformacion
20;traspaso
20;tuiterosvzla
20;uruguay.U.0001F1FA..U.0001F1FE.
20;vio
20;X.calientasol
20;X.cf_callejo
20;X.eldestape_radio
20;X.rcaballeroam
20;X.U.0001F64F.
20;X.U.23E9.venezuelavictoriosa
19;adelkiiis
19;alenwriter
19;aposto
19;arbol
19;artagaveytia
19;autentico
19;barbaro
19;caracas
19;care
19;christianpera
19;colocar
19;contenedores
19;continente
19;convertido
19;cosa
19;crea
19;dato
19;decencia
19;dejado
19;derecha
19;dezurdateam.U.0001F91D.
19;distinciones
19;doloroso
19;economico
19;elaborado
19;eleonorenemethm
19;embarrados
19;empatia
19;empiece
19;enojada
19;envio
19;escribieron
19;esferaceleste
19;esgrimio
19;extranar
19;fernandoamandi
19;finalizado
19;firmes
19;ganador
19;garcia
19;godin
19;gusto
19;herida
19;hermosa
19;historiador
19;hospitales
19;httpstcoieoyruldeoyruldy
19;httpstcoiiickccw
19;httpstcoipjiaehfhfhfi
19;httpstcongcwnante
19;httpstconmeijht
19;httpstcoqpglcuuxl
19;httpstcoqqqxcose
19;httpstcotrjpomfabare
19;httpstcowteykfkjcp
19;influencers
19;int
19;internacionalmente
19;julireplasexta
19;legacy
19;lugano
19;marcado
19;marcaste
19;mediatico
19;miedo
19;minimo
19;mirada
19;mirandaliber
19;molesta
19;multitudinaria
19;murielricotera
19;nejoviro
19;notables
19;olvido
19;olvido
19;oprimidos
19;pedir
19;per
19;permitio
19;prioridad
19;reconocio
19;relevantes
19;rend
19;republicanos
19;romper
19;rompio
19;san
19;sera
19;servir
19;spitta
19;suarez
19;tranquilo
19;tweet
19;valencianob
19;varverimarcelo
19;viene
19;votar
19;X.U.0001F3A5..U.0001F6D1.
19;zaidensztat
18;admiran
18;afam
18;alferdehttpstcofyvgfmcp
18;alzando
18;amen
18;amerquarterly
18;asado
18;ash
18;bloqueado
18;causado
18;cero
18;charismatic
18;coherencia
18;columna
18;comenzar
18;companheiros
18;consolidada
18;correccion
18;cosntructor
18;cual
18;dame
18;decada
18;decreta
18;decretado
18;defesa
18;deportiva
18;destacar
18;diarios
18;dias
18;don
18;dptado
18;dtor
18;embajador
18;envio
18;escuchando
18;exec
18;exemplo
18;felicitaciones
18;felizlunes
18;florida
18;fonasa
18;generando
18;got
18;hago
18;honrar
18;httpstcoddgfjkljzb
18;httpstcogfhvhdn
18;httpstcogzfvnit
18;httpstcohkylkogx
18;httpstcohnpfbzuur
18;httpstcoiokyroy
18;httpstcojwhuldhvgj
18;httpstcomakgrphi
18;httpstcomsogzwdrlio
18;httpstcomvinx
18;httpstcopxlbmecg
18;integral
18;interpretar
18;invade
18;izquierdista
18;junta
18;lanzo
18;laurenthuber
18;limezolanas
18;macrismpstcogdyrkrpbb
18;masoneria
18;minoria
18;montevideoim
18;more
18;muestra
18;negocio
18;nietos
18;opositor
18;orden
18;panes
18;pasemos
18;peirano
18;pido
18;pluma
18;pongan
18;provida
18;quieren
18;raiz
18;republicay
18;resume
18;ricardo
18;rip
18;seguiras
18;significa
18;significado
18;talent
18;tamano
18;tortura
18;trabajando
18;transforma
18;true
18;tupresidente
18;urna
18;utilicen
18;vinculadas
18;X.U.0001F4C3..U.0001F517.
18;X.U.0001F5A4.
18;X.U.0001F62A.
18;X.U.2B07..U.FE0F.
17;acordamos
17;adios
17;aflojando
17;age
17;agradecio
17;ahasta
17;algum
17;alianza
17;all
17;antitabaquica
17;arschipani
17;atrevio
17;bem
17;bochornosas
17;caetano
17;cargo
17;chavismo
17;che
17;ciudadana
17;clasico
17;combinou
17;conocimiento
17;consideracion
17;crescimento
17;cualitativo
17;cuantos
17;cubrio
17;delluruguay
17;desigualdades
17;diputadossalvenvidas
17;dois
17;empresarios
17;energumena
17;escribi
17;escribir
17;estiveram
17;existe
17;existir
17;expresiones
17;fallecimientos
17;fantasmas
17;forman
17;fortalecer
17;fruto
17;garce
17;great
17;habalianelie
17;herramientas
17;historiadores
17;httpstcodarjjhintkqtkq
17;httpstcodllgaqhd
17;httpstcofkvmiicu
17;httpstcoiuddb
17;httpstcolkyrycvd
17;httpstcomsogzwdru
17;httpstconqxlwlhgd
17;httpstcoqkscvcur
17;httpstcoreaniny
17;httpstcorhvrsvgpr
17;httpstcorjzujzow
17;httpstcosypaeqfblo
17;httpstcoxthmjyuoblo
17;httpstcoxupnpymwqb
17;httpstcoywejddlu
17;impulso
17;infancia
17;infinito
17;informo
17;lamafiachoriplecuencias
17;leftist
17;leohaberkorn
17;listo
17;mbrechner
17;michael
17;morgade
17;mundualito
17;nacionales
17;nin
17;nossa
17;oncologia
17;ope
17;organizo
17;periodos
17;pertenecer
17;pertenezca
17;picopiccone
17;planta
17;pocas
17;politologosa
17;poquito
17;prado
17;presidenza
17;prospero
17;razonable
17;recibimos
17;reconoceran
17;reencuentro
17;regreso
17;remedio
17;renombre
17;renuncie
17;rindas.
17;sob
17;socialistas
17;socio
17;sonar
17;statement
17;tabarevasquez
17;tembien
17;terrible
17;tesorero
17;urbana
17;X.U.0001F3A7.
16;abogo
16;abortoesdescarte
16;acompanar
16;afectos
16;afp
16;after
16;aguantar
16;almagro
16;amanecieron
16;amro
16;ante
16;aun
16;autoridad
16;avento
16;bianco
16;bipartidismo
16;cabal
16;cadenacom
16;certeza
16;cinco
16;cocolinoneptuno
16;colega
16;completamente
16;compromisos
16;conflictos
16;contiene
16;continuan
16;convertira
16;convierte
16;coordinator
16;cristianos
16;damos
16;deberia
16;decadencia
16;decretan
16;deime
16;democratic
16;denodadamente
16;desaparecio
16;descanses
16;diputado
16;discrepancia
16;disculpas
16;dotados
16;encontre
16;entrabamos
16;esteve
16;felicidad
16;fente
16;fhc
16;francia
16;fundacao
16;gines.
16;gloria
16;hagan
16;hagas
16;historica
16;httpstcobwdpkzifec
16;httpstcodjzzrkjyc
16;httpstcoekwkbkqg
16;httpstcohfcisr
16;httpstcoibxdtayndd
16;httpstcoiokyroe
16;httpstcoipligz
16;httpstcomodkrsi
16;httpstconztgryvc
16;httpstcooaiyeztivb
16;httpstcoomghoylio
16;httpstcopaaect
16;httpstcopmlsmuv
16;httpstcoryvvhicz
16;httpstcovzwozkoxu
16;httpstcoxthmjyuoy
16;httpstcoxtmuyoghlv
16;hugo
16;icono
16;inmundo
16;integracion
16;jamas
16;jodan
16;juzgar
16;lamayoriaceleste
16;lamentando
16;llegando
16;lleno
16;lloramos
16;lolilalesca
16;mandar
16;marsicano
16;matilde
16;medicina
16;militare
16;ncdalliance
16;ningun
16;noches
16;noviembre
16;ntvg
16;observador.
16;ocupado
16;ordenes
16;pacheco
16;pais..1
16;pasquin
16;podes
16;podremos
16;portadas
16;puertas
16;quirici
16;quizas
16;reciente
16;reconstruir
16;reg
16;remos
16;rendiremos
16;respeitados
16;resuelto
16;rodolfocbarra
16;ruta
16;saludaste
16;senadoresdc
16;sesion
16;significo
16;sorete
16;subio
16;sur
16;todavia
16;tuitearon
16;venezolana
16;vicepresidencia
16;viento
16;viernes
16;X.pro
16;X.U.0001F1E6..U.0001F1F7.
16;X.U.0001F1FA..U.0001F1FE..U.0001F1FB..U.0001F1EA.
16;X.U.0645..U.0646.
15;abierto
15;acabo
15;acuerda
15;administracion
15;agradecidos
15;alferdee
15;alftuitea
15;ame
15;aprender
15;atrevimiento
15;autos
15;aventado
15;basadas
15;been
15;canciller
15;cayota
15;cercano
15;cerebros
15;chau
15;clase.U.2063.
15;colectividad
15;comandopasado
15;companias
15;completed
15;condena..1
15;condicion
15;confiaron
15;consiguio
15;construyo
15;conto
15;cuenten
15;d.U.2234.
15;dado
15;de
15;deceso
15;dejas
15;devolver
15;dias.
15;dimension
15;ecuatoriana
15;emocionada
15;entero
15;estrella
15;etulain
15;exilio
15;finalgottalentuy
15;futbolistas
15;gabrielaespais
15;galeano
15;ginesggarcia
15;guillegarat
15;hicimos
15;httpstcobcunqhu
15;httpstcofrckttdfx
15;httpstcohunylwmnqtyaaeigpkx
15;httpstcoiokyror
15;httpstcoipjiaehfiaehfi
15;httpstcoipjiaehfoipjiaehfi
15;httpstcojshbqjbyk
15;httpstcojxrraxbt
15;httpstcoknmanfzxt
15;httpstcokuufymmpab
15;httpstconseuqvgsg
15;httpstconzdtmppqlio
15;httpstcoogsfrybr
15;httpstcorjlaztzej
15;httpstcotkabqo
15;httpstcovkgjltfa
15;httpstcoxagpxpolhu
15;httpstcoxthmjyuor
15;httpstcozswclvzvztes
15;iban
15;instauro
15;intereses
15;irrupcion
15;lamento
15;lavador
15;legados
15;legisladora
15;leve
15;lia
15;libros
15;lunes
15;mason
15;montones
15;municipal
15;mutual
15;notable
15;olvidaremos
15;one
15;onfirecuba
15;out
15;pescar
15;pioneer
15;politico
15;portada
15;pos
15;postergados.
15;practica
15;premio
15;principio
15;privilegio
15;profesion
15;propuso
15;quiere
15;radio
15;rapidamente
15;realizara
15;realmente
15;recuerdos
15;religioso
15;rest
15;robar
15;rou
15;santicafiero
15;saude
15;seccion
15;sencillo
15;sensacion
15;sensatez
15;sensibilidad
15;seria
15;sonvidas
15;tabaqueras
15;tabare
15;tarea
15;television
15;tomado
15;urbanas
15;uruguayonu
15;usa
15;vecesclaro
15;visionario
15;viste
15;vivir
15;work
15;X.fantasmas.
15;X.U.270A..U.FE0F.
14;abrazo
14;accomplishments
14;amilcarcaula
14;amrebelde
14;aplauden
14;ascenso
14;brazo
14;canaluy
14;caracteristicas
14;carnales
14;cfk
14;change
14;ciudadanos
14;companera
14;compresidencia
14;comprometerse
14;conocerla
14;conocerlo
14;consolido
14;convencion
14;cubrirlo
14;cultural
14;cumplimiento
14;cun
14;daba
14;darwinyoparami
14;devolviste
14;dirigencia
14;drgersonvila
14;echo
14;embajada
14;entrar
14;escriben
14;escucharlo
14;escuchen
14;escuelapublica
14;eterna
14;europa.
14;faro
14;foraimperialismodaamericalatina
14;generacion
14;guarda
14;guste
14;hablaba
14;hegemonia
14;hice
14;historico
14;httpstcohrwhucmjfq
14;httpstcoicoaomlb
14;httpstcoiwmvyupfyupfudia
14;httpstcojuvaghnib
14;httpstcolentycbs
14;httpstcomaoeauxss
14;httpstcomsogzwdrsacar
14;httpstconzdtmppqsacar
14;httpstcoomghoyu
14;httpstcorlxiqaad
14;httpstcosrnqygkfr
14;httpstcotrjpomf
14;httpstcoubyloojajf
14;httpstcovaqredg
14;httpstcowhbzjeitbl
14;httpstcoxupnpymwqhttpstcokuufymmpab
14;httpstcozikhxvsip
14;informativos
14;intercambiom
14;joda
14;larga
14;lays
14;leftwing
14;locoel
14;logged
14;mami
14;medida
14;miembro
14;moderno
14;mort
14;mourn
14;nacido
14;nas
14;nueva
14;ordinaria
14;pais.
14;para
14;partio
14;patalea
14;patriagrande
14;pegado
14;pensamiento
14;penso
14;perdemos
14;planes
14;pleno
14;podamos
14;portugal
14;presentar
14;prevista
14;probo
14;produce
14;propia
14;proscritotovazquez
14;protection
14;rendirnos
14;rindiendole
14;rio
14;rioplatense
14;ritmo
14;roomiinaa
14;rotambor
14;sad
14;series
14;software
14;ssarla
14;superen
14;tecnologia
14;tercerradio
14;testimonios
14;todos
14;tuits
14;uruguay..U.0001F1FA..U.0001F1FE..tabare
14;viudez
14;vivian
14;volvi
14;X.gran
14;X.tener
14;X.U.0001F44F..U.0001F3FB..U.0001F44F..U.0001F3FB..U.0001F44F..U.0001F3FB..U.0001F44F..U.0001F3FB..U.0001F44F..U.0001F3FB..U.0001F44F..U.0001F3FB..U.0001F44F..U.0001F3FB..U.0001F44F..U.0001F3FB..U.0001F44F..U.0001F3FB..U.0001F44F..U.0001F3FB..U.0001F44F..U.0001F3FB..U.0001F44F..U.0001F3FB..U.0001F44F..U.0001F3FB..U.0001F44F..U.0001F3FB..U.0001F44F..U.0001F3FB..U.0001F44F..U.0001F3FB..U.0001F44F..U.0001F3FB..U.0001F44F..U.0001F3FB..U.0001F44F..U.0001F3FB..U.0001F44F..U.0001F3FB..U.0001F44F..U.0001F3FB..U.0001F44F..U.0001F3FB..U.0001F44F..U.0001F3FB..U.0001F44F..U.0001F3FB..U.0001F44F..U.0001F3FB..U.0001F44F..U.0001F3FB.
14;X.U.0001F496.
14;X.U.0001F4F8.
14;X.U.2066.montevideoim.U.2069.
13;abajo
13;abraco
13;acting
13;actuan
13;aire
13;alabando
13;alcanzar
13;alferdedetpstcoipjiaehfi
13;altura
13;alumnos
13;aplaudir
13;arbolito
13;asco
13;bandido
13;bastante
13;batallar
13;big
13;bilateral
13;caminos
13;capacidade
13;capitalina
13;caravana
13;cedas.U.2764..U.0001F1FA..U.0001F1FE.
13;central
13;ceremonia
13;charlydelsur
13;combate
13;companerxs
13;confusion
13;consecutivos
13;conte
13;cossecarolina
13;costado
13;creaba
13;cudim
13;cuqui
13;desprecio
13;diego
13;dies
13;dor
13;emotivas
13;endiosen
13;enluta
13;ensenaste
13;entienda
13;entiende
13;errores
13;espermatozoide
13;espero
13;estudio
13;excepcional
13;exclusividad
13;excusas
13;executive
13;expresaron
13;ferrocarril
13;firmo
13;football
13;forjador
13;funebre
13;giuliani
13;globalcdp
13;hacerle
13;hambre
13;homenajearlo
13;honesta
13;httpstcoaitqyzselo
13;httpstcoaitqyzsesacar
13;httpstcocrxsbtps
13;httpstcoebjjagebjjagcep
13;httpstcoeroylcmwnwnias
13;httpstcogdzoqcsrkm
13;httpstcohfcis
13;httpstcohfcisn
13;httpstcohrwhucms
13;httpstcojubmmsjx
13;httpstcomtzdhaxaum
13;httpstconzdtmppqu
13;httpstcoomghoys
13;httpstcoqqqxcosa
13;httpstcosypaeqfacion
13;httpstcotbygyj
13;httpstcotjmgtij
13;httpstcoukrstxitpj
13;httpstcovyxadmtpg
13;httpstcowahtafp
13;httpstcownnltxhg
13;httpstcowta
13;httpstcowvoyfvrbe
13;httpstcowxrpehfhfowxrpehfz
13;httpstcowxrpehftcowxrpehfz
13;httpstcoydyfkyjjiaehfehftos
13;httpstcoymfettntntkq
13;humo
13;informacarve
13;ingeniero
13;inspiran
13;intencion
13;liderar
13;llamado
13;llevadas
13;llevarse
13;logico
13;luongo
13;luz
13;mantuvo
13;mira
13;nicsaldias
13;ninguna
13;ninas
13;nos
13;novoa
13;ofende
13;oficialmente
13;oit
13;ordinario..1
13;pagaremos
13;parlamentouagradecemos
13;parlamentouy
13;participan
13;pasaste
13;pedacito
13;pensaba
13;perfil
13;permanece
13;perro
13;poner
13;populista
13;presidencia
13;primaria
13;protocolar
13;pulmon.U.0001F447.
13;rasgando
13;recordadodep
13;recuerdan
13;reisch
13;sabes
13;saco
13;secreta
13;secretario
13;sentimiento
13;sepan
13;siguio
13;tabare.
13;tabare.vazquez
13;telefonava
13;tenes
13;tristes
13;triunfolapatria
13;unida
13;unir
13;uruguayen
13;vago
13;vaticano
13;vazque
13;velar
13;wilson
13;X.U.0001F310.
13;X.U.0001F339..U.270A..U.0001F3FC.
13;X.U.0001F4A5.
13;X.U.0001F4FA.
13;X.U.0001F51D.
13;X.U.0001F5A4..U.0001F54A.
12;abrio
12;aciertos
12;adquirido.
12;agua
12;alejado
12;aplicar
12;aprovecha
12;argentina.U.0001F1E6..U.0001F1F7.
12;atencion
12;avanza
12;basta
12;brexit
12;brillante
12;brunorguezp
12;cambiado
12;campeonato
12;canelones
12;cfkargentina
12;ciclo
12;cigarrillo
12;civilizacao
12;cobarde
12;comentarios
12;companers
12;comunicacion
12;concertacion
12;concretarlo
12;conmigo
12;contrario
12;contribuyo
12;couriel
12;cual
12;cuba.U.0001F1E8..U.0001F1FA.
12;cubaminrex
12;cultura
12;dandole
12;danubio
12;datos
12;democratic
12;despertar
12;diagnosticado
12;diario
12;dicho
12;divisa
12;emociono
12;encabezo
12;encuentran
12;entristecido
12;enviarle
12;escut
12;explicar
12;fca
12;felizdomingo
12;ferat
12;focas
12;fotoperiodismouruguay
12;fraternal
12;gato
12;habilito
12;hablo
12;historias
12;historicas
12;homenajes
12;horizonte
12;https
12;httpstcoaomnrbmcj
12;httpstcobqzjyley
12;httpstcocexfvzf
12;httpstcogpoputrnn
12;httpstcogructpapm
12;httpstcohnspmyvu
12;httpstcohunyer
12;httpstcohunylstcoyswzytzkpw
12;httpstcohunylwkuufymmcmj
12;httpstcoiokyroblo
12;httpstcojasqh
12;httpstcojhvcjgoui
12;httpstcomgtbuyaw
12;httpstcomvibmonylwjxefipstcoiwmvyupfq
12;httpstconzdtmppquien
12;httpstcoolaenavtriocarina
12;httpstcoonqrxopeozupfq
12;httpstcoonqrxopeozztribuicao
12;httpstcooyzhwtl
12;httpstcoqckhspcVxl
12;httpstcordtdhtwe
12;httpstcoskdibpd
12;httpstcosypaeqfabare
12;httpstcotjhqpao
12;httpstcowcsxrhal
12;httpstcowwdqfer
12;httpstcowxrpehftpstcowxrpehfz
12;httpstcoxkrhdmegy
12;httpstcoxlpkapocn
12;httpstcoxthmjyuole
12;httpstcoxwozxscjk
12;httpstcoymfettntkectador
12;humanismo
12;humillado
12;instagram
12;instalarse
12;justa
12;lanacion
12;legitimadefensa
12;lequip
12;leslie
12;llanto
12;lleva
12;llueix
12;lograban
12;logrados
12;loss
12;ltnlzs
12;macristas
12;mando
12;mendoza
12;minha
12;mocinho
12;morre
12;nations
12;natural
12;negaba
12;nosso
12;nuit
12;obras
12;obrero
12;observadoruy
12;ocurrio
12;olvidado
12;orsiyamandu
12;ovulo
12;pcu
12;pibe
12;pilar
12;portazo
12;possible
12;potente
12;progresistas
12;protagonista
12;pts
12;pulmonar
12;qepdtabare
12;que
12;quedamos
12;quedate
12;rae
12;rama
12;raro
12;rasd
12;recibiendo
12;recibo
12;red
12;redactado
12;respeito
12;revanchas
12;rindan
12;rinden
12;roumanie
12;sabio
12;samarreta
12;sanitaria
12;seleccion
12;senyera
12;siembra
12;siempre.U.2764..U.FE0F..U.270A..U.0001F3FC.licara
12;solidario.
12;soneeeeeee
12;tanto
12;telegrama
12;todo
12;tolerancia
12;top
12;trabajaron
12;universal
12;uruguayans
12;vacuna
12;vasques
12;venganzas
12;victorias
12;vivido
12;vuelva
12;X.U.0001F44F..U.0001F44F..U.0001F44F.
12;X.U.0001F4F9..U.0001F1FA..U.0001F1FE.
12;X.U.0001F517.
12;X.U.0001F614..U.0001F625.
12;X.U.270A..U.0001F3FC.n
12;X.U.270C..U.270C..U.270C.mentos
11;abrazos
11;aca
11;achern
11;aclarar
11;activista
11;agradecieron
11;alferdede
11;alvarovazquezd
11;amigas
11;anoche
11;aplaudo
11;assumir
11;atencion
11;auditorias
11;bloquee
11;bocina
11;buquet
11;canaluruguay
11;carecen
11;civicomilitar
11;cohesion
11;comienzan
11;compartieron
11;comportamiento
11;cono
11;contamos
11;contento
11;contraste
11;cuarteles
11;cubrir
11;d.automne
11;datop
11;deixou
11;delpetrolero
11;desvelo
11;dichos
11;dictaduras
11;discrecion
11;dispuso
11;diz
11;doenca
11;dolares
11;drtabare
11;duelos
11;dues
11;duruguai
11;ejercio
11;ello
11;emision
11;empresa
11;enlla
11;ese
11;espectro
11;espiritu
11;exabrupto
11;experiencias
11;expusiera
11;fabregats
11;farewell
11;fedeirazabal
11;fidel
11;final.
11;finlandia
11;fliscanse
11;fuerzas.U.0001F4AA..U.FFFD..ed..U.00B2..U.00AA..U.FFFD.rzas.U.0001F4AA..U.FFFD..U.FFFD..U.FFFD.yaw
11;governo
11;gritar
11;guacho.
11;homenajeo
11;httpsdamente
11;httpstcoaitqyzsel
11;httpstcoaitqyzseu
11;httpstcodbsgrckz
11;httpstcodteiraac
11;httpstcoeekuqtjhv
11;httpstcoegoldizsl
11;httpstcoelgpgulcl
11;httpstcoexeeoabregional
11;httpstcofdysffnl
11;httpstcofepbxhlwt
11;httpstcofpbwqkeipcofsdyfnwkglaudia
11;httpstcoftnldljr
11;httpstcogrykjwwn
11;httpstcohfcisle
11;httpstcoieoyruldldcia
11;httpstcoipjiaehficoipjiaehfi
11;httpstcojdlpoh
11;httpstcojfhiupm
11;httpstcojieouummy
11;httpstcokdgvdaartl
11;httpstcokooigys
11;httpstcokvkumlnqdw
11;httpstcoljieeeiokz
11;httpstcologsjoqxyg
11;httpstcomeckzbqdgq
11;httpstcookizpptwbatement
11;httpstcoomghoysacar
11;httpstcoooknmrlxiqajutle
11;httpstcoqrtgjzpoj
11;httpstcoqtgewp
11;httpstcoqwgfdipcb
11;httpstcorfggznrq
11;httpstcosypaeqfr
11;httpstcosypaeqfy
11;httpstcotncjtwruguayo
11;httpstcotpccvqkt
11;httpstcouvzdxvsintes
11;httpstcovoqkjljvica
11;httpstcovqhvlfgftcooyvscvr
11;httpstcowhjjxnmufw
11;httpstcowhsjgpg
11;httpstcowwdqferpaaecrantable
11;httpstcoxq
11;httpstcoymqzuafks
11;httpstcozwceuudw
11;imperdible
11;impulsionara
11;inclusivos
11;inquebravel
11;invitado
11;juridica
11;l.ancien
11;lacalle.
11;leccion
11;liberalizaba
11;llegaron
11;manos
11;maravillas
11;matrimonio
11;mencionar
11;mereces
11;mes
11;moqueo
11;mor
11;muertct
11;nao
11;necesitaban
11;negro
11;ocasions
11;pablos
11;palacio
11;papel
11;papelera
11;paraguayo
11;paredes
11;parque
11;pateticos
11;pedidos
11;pedo
11;pedorro
11;pensado
11;perde
11;perduraran
11;permitio
11;personeria
11;personifico
11;pidiendo
11;piensan
11;podemos
11;profundizar
11;publique
11;puse
11;qepd.U.0001F1FA..U.0001F1FE.
11;quedar
11;quede
11;quede
11;quilmes
11;quitarnos
11;rechazaron
11;recordaran
11;redoblando
11;rendir
11;representandonos
11;respetando
11;resumen
11;salido
11;seguiran
11;servicio
11;seva
11;siembran
11;sin
11;spot
11;susanagladysfer
11;tabararruguay
11;tabare.1
11;tabarecia
11;tablados
11;tambe
11;tambem
11;tecnologicas
11;their
11;times
11;timon
11;toca
11;tocan
11;tranquila
11;triunfos
11;ucho
11;universalizacion
11;velorio
11;vessant
11;votos
11;vtvnoticias
11;worked
11;X.quisiera
11;X.U.0001F3A5.
11;X.U.0001F447.httpstcocxsuzhe
11;X.U.0001F44D..U.0001F339..U.0001F339..U.0001F339.
11;X.U.0001F49C..U.2698.
11;X.U.0001F91D.
11;X.U.0001F91D..U.0001F534..U.0001F535..U.26AA..U.FE0F.
11;X.U.FE0F.
11;years
